{"nm":"Main Scene","ddd":0,"h":200,"w":200,"meta":{"g":"@lottiefiles/creator 1.43.1"},"layers":[{"ty":4,"nm":"manage_accounts_black_24dp Outlines","sr":1,"st":0,"op":321,"ip":0,"hd":false,"ddd":0,"bm":0,"hasMask":false,"ao":0,"ks":{"a":{"a":0,"k":[7.93550008392334,6.397050023078919],"ix":1},"s":{"a":0,"k":[945.077,945.077,100],"ix":6},"sk":{"a":0,"k":0},"p":{"a":0,"k":[100.14042612814018,99.02704344661356],"ix":2},"r":{"a":0,"k":0,"ix":10},"sa":{"a":0,"k":0},"o":{"a":0,"k":100,"ix":11}},"shapes":[{"ty":"gr","bm":0,"hd":false,"mn":"ADBE Vector Group","nm":"Group 1","ix":1,"cix":2,"np":5,"it":[{"ty":"sh","bm":0,"hd":false,"mn":"ADBE Vector Shape - Group","nm":"Path 1","ix":1,"d":1,"ks":{"a":0,"k":{"c":true,"i":[[0,0.164],[0.023,0.157],[0,0],[0,0],[0,0],[0.296,0.113],[0,0],[0,0],[0,0],[0.238,-0.203],[0,0],[0,0],[0,0],[0,-0.164],[-0.023,-0.157],[0,0],[0,0],[0,0],[-0.296,-0.113],[0,0],[0,0],[0,0],[-0.238,0.203],[0,0],[0,0],[0,0]],"o":[[0,-0.164],[0,0],[0,0],[0,0],[-0.238,-0.203],[0,0],[0,0],[0,0],[-0.296,0.113],[0,0],[0,0],[0,0],[-0.023,0.157],[0,0.164],[0,0],[0,0],[0,0],[0.238,0.203],[0,0],[0,0],[0,0],[0.296,-0.113],[0,0],[0,0],[0,0],[0.023,-0.157]],"v":[[2.812,0],[2.766,-0.473],[3.621,-1.23],[2.871,-2.527],[1.785,-2.16],[0.977,-2.633],[0.75,-3.75],[-0.75,-3.75],[-0.977,-2.633],[-1.785,-2.16],[-2.871,-2.527],[-3.621,-1.23],[-2.766,-0.473],[-2.812,0],[-2.766,0.473],[-3.621,1.23],[-2.871,2.527],[-1.785,2.16],[-0.977,2.633],[-0.75,3.75],[0.75,3.75],[0.977,2.633],[1.785,2.16],[2.871,2.527],[3.621,1.23],[2.766,0.473]]},"ix":2}},{"ty":"sh","bm":0,"hd":false,"mn":"ADBE Vector Shape - Group","nm":"Path 2","ix":2,"d":1,"ks":{"a":0,"k":{"c":true,"i":[[0.824,0],[0,0.824],[-0.824,0],[0,-0.824]],"o":[[-0.824,0],[0,-0.824],[0.824,0],[0,0.824]],"v":[[0,1.5],[-1.5,0],[0,-1.5],[1.5,0]]},"ix":2}},{"ty":"sh","bm":0,"hd":false,"mn":"ADBE Vector Shape - Group","nm":"Path 3","ix":3,"d":1,"ks":{"a":0,"k":{"c":false,"i":[[0,0]],"o":[[0,0]],"v":[[0,1.5]]},"ix":2}},{"ty":"mm","bm":0,"hd":false,"mn":"ADBE Vector Filter - Merge","nm":"Merge Paths 1","mm":1},{"ty":"fl","bm":0,"hd":false,"mn":"ADBE Vector Graphic - Fill","nm":"Fill 1","c":{"a":0,"k":[0.1569,0.9451,0.6118],"ix":4},"r":1,"o":{"a":0,"k":100,"ix":5}},{"ty":"tr","a":{"a":0,"k":[0,0],"ix":1},"s":{"a":0,"k":[100,100],"ix":3},"sk":{"a":0,"k":0,"ix":4},"p":{"a":0,"k":[11.75,9],"ix":2},"r":{"a":1,"k":[{"o":{"x":0.167,"y":0.167},"i":{"x":0.833,"y":0.833},"s":[0],"t":0},{"s":[60],"t":30}],"ix":6},"sa":{"a":0,"k":0,"ix":5},"o":{"a":0,"k":100,"ix":7}}]},{"ty":"gr","bm":0,"hd":false,"mn":"ADBE Vector Group","nm":"Group 2","ix":2,"cix":2,"np":4,"it":[{"ty":"sh","bm":0,"hd":false,"mn":"ADBE Vector Shape - Group","nm":"Path 1","ix":1,"d":1,"ks":{"a":0,"k":{"c":true,"i":[[-0.316,0.683],[0.172,0],[1.445,-0.859],[0,-0.774],[0,0],[0,0],[0,1.117]],"o":[[-0.168,-0.008],[-1.816,0],[-0.66,0.391],[0,0],[0,0],[-0.593,-0.848],[0,-0.801]],"v":[[3.031,-2.609],[2.528,-2.625],[-2.429,-1.262],[-3.472,0.637],[-3.472,2.625],[3.472,2.625],[2.528,-0.375]]},"ix":2}},{"ty":"sh","bm":0,"hd":false,"mn":"ADBE Vector Shape - Group","nm":"Path 2","ix":2,"d":1,"ks":{"a":0,"k":{"c":false,"i":[[0,0]],"o":[[0,0]],"v":[[3.031,-2.609]]},"ix":2}},{"ty":"mm","bm":0,"hd":false,"mn":"ADBE Vector Filter - Merge","nm":"Merge Paths 1","mm":1},{"ty":"fl","bm":0,"hd":false,"mn":"ADBE Vector Graphic - Fill","nm":"Fill 1","c":{"a":0,"k":[0.1569,0.9451,0.6118],"ix":4},"r":1,"o":{"a":0,"k":100,"ix":5}},{"ty":"tr","a":{"a":0,"k":[0,0],"ix":1},"s":{"a":0,"k":[100,100],"ix":3},"sk":{"a":0,"k":0,"ix":4},"p":{"a":0,"k":[3.972,9.375],"ix":2},"r":{"a":0,"k":0,"ix":6},"sa":{"a":0,"k":0,"ix":5},"o":{"a":0,"k":100,"ix":7}}]},{"ty":"gr","bm":0,"hd":false,"mn":"ADBE Vector Group","nm":"Group 3","ix":3,"cix":2,"np":4,"it":[{"ty":"sh","bm":0,"hd":false,"mn":"ADBE Vector Shape - Group","nm":"Path 1","ix":1,"d":1,"ks":{"a":0,"k":{"c":true,"i":[[0,-1.656],[1.656,0],[0,1.656],[-1.656,0]],"o":[[0,1.656],[-1.656,0],[0,-1.656],[1.656,0]],"v":[[3,0],[0,3],[-3,0],[0,-3]]},"ix":2}},{"ty":"sh","bm":0,"hd":false,"mn":"ADBE Vector Shape - Group","nm":"Path 2","ix":2,"d":1,"ks":{"a":0,"k":{"c":false,"i":[[0,0]],"o":[[0,0]],"v":[[3,0]]},"ix":2}},{"ty":"mm","bm":0,"hd":false,"mn":"ADBE Vector Filter - Merge","nm":"Merge Paths 1","mm":1},{"ty":"fl","bm":0,"hd":false,"mn":"ADBE Vector Graphic - Fill","nm":"Fill 1","c":{"a":0,"k":[0.1569,0.9451,0.6118],"ix":4},"r":1,"o":{"a":0,"k":100,"ix":5}},{"ty":"tr","a":{"a":0,"k":[0,0],"ix":1},"s":{"a":0,"k":[100,100],"ix":3},"sk":{"a":0,"k":0,"ix":4},"p":{"a":0,"k":[6.5,3],"ix":2},"r":{"a":0,"k":0,"ix":6},"sa":{"a":0,"k":0,"ix":5},"o":{"a":0,"k":100,"ix":7}}]}],"ind":1}],"v":"5.7.0","fr":30,"op":30,"ip":0,"assets":[]}