{"nm":"Main Scene","ddd":0,"h":500,"w":500,"meta":{"g":"@lottiefiles/creator 1.43.2"},"layers":[{"ty":0,"nm":"The Insides","sr":1,"st":0,"op":150,"ip":0,"hd":false,"ddd":0,"bm":0,"hasMask":false,"ao":0,"ks":{"a":{"a":0,"k":[250,238]},"s":{"a":0,"k":[100,100]},"sk":{"a":0,"k":0},"p":{"a":1,"k":[{"o":{"x":0.65,"y":0},"i":{"x":0.36,"y":1},"s":[250,240],"t":49},{"s":[250,239],"t":66}]},"r":{"a":1,"k":[{"o":{"x":0.65,"y":0},"i":{"x":0.36,"y":1},"s":[0],"t":49},{"s":[180],"t":66}]},"sa":{"a":0,"k":0},"o":{"a":0,"k":100}},"w":500,"h":500,"refId":"precomp_newScene_a35241a1-c35e-4a04-9e90-e328979695d1_dfb3dec9-e5ab-4510-8dca-34687681c1ac","ind":1},{"ty":0,"nm":"The Hourglass Case","sr":1,"st":0,"op":150,"ip":0,"hd":false,"ddd":0,"bm":0,"hasMask":false,"ao":0,"ks":{"a":{"a":0,"k":[250,238]},"s":{"a":0,"k":[100,100]},"sk":{"a":0,"k":0},"p":{"a":1,"k":[{"o":{"x":0.65,"y":0},"i":{"x":0.36,"y":1},"s":[250,238.5428],"t":49},{"s":[250,240],"t":66}]},"r":{"a":1,"k":[{"o":{"x":0.65,"y":0},"i":{"x":0.36,"y":1},"s":[0],"t":49},{"s":[180],"t":66}]},"sa":{"a":0,"k":0},"o":{"a":0,"k":100}},"w":500,"h":500,"refId":"precomp_newScene_f9eb9730-1bb1-4300-b8b8-9aaf5adc92d6_1b833bf1-f440-4354-8755-f90fca12b3a0","ind":2}],"v":"5.7.0","fr":30,"op":66,"ip":0,"assets":[{"nm":"Content","id":"precomp_newScene_a35241a1-c35e-4a04-9e90-e328979695d1_dfb3dec9-e5ab-4510-8dca-34687681c1ac","layers":[{"ty":4,"nm":"Flow","sr":1,"st":0,"op":150,"ip":0,"hd":false,"ddd":0,"bm":0,"hasMask":false,"ao":0,"ks":{"a":{"a":0,"k":[111.6704,202.9398]},"s":{"a":0,"k":[100,22.5423]},"sk":{"a":0,"k":0},"p":{"a":1,"k":[{"o":{"x":0.167,"y":0.167},"i":{"x":0.833,"y":0.833},"s":[250,214],"t":0},{"s":[250,214],"t":12}]},"r":{"a":0,"k":0},"sa":{"a":0,"k":0},"o":{"a":0,"k":100}},"shapes":[{"ty":"sh","bm":0,"hd":false,"nm":"Flow","d":1,"ks":{"a":1,"k":[{"o":{"x":0.167,"y":0.167},"i":{"x":0.833,"y":0.833},"s":[{"c":false,"i":[[0,0],[0,0]],"o":[[0,0],[0,0]],"v":[[111.67037932559299,204.8788387073137],[111.67037932559299,255.45615318879766]]}],"t":0},{"o":{"x":0.167,"y":0.167},"i":{"x":0.833,"y":0.833},"s":[{"c":false,"i":[[0,0],[0,0]],"o":[[0,0],[0,0]],"v":[[111.67037932559299,257.80217405157236],[111.67037932559299,927.6928640578246]]}],"t":12},{"o":{"x":0.167,"y":0.167},"i":{"x":0.833,"y":0.833},"s":[{"c":false,"i":[[0,0],[0,0]],"o":[[0,0],[0,0]],"v":[[111.67037932559299,257.80217405157236],[111.67037932559299,927.6928640578246]]}],"t":46},{"s":[{"c":false,"i":[[0,0],[0,0]],"o":[[0,0],[0,0]],"v":[[111.67037932559299,368.66657070140855],[111.67037932559299,927.6928640578246]]}],"t":49}]}},{"ty":"st","bm":0,"hd":false,"nm":"Stroke","lc":2,"lj":2,"ml":1,"o":{"a":0,"k":100},"w":{"a":0,"k":4},"c":{"a":0,"k":[0,0.8667,0.702]}}],"ind":1},{"ty":4,"nm":"Top Content","sr":1,"st":0,"op":150,"ip":0,"hd":false,"ddd":0,"bm":0,"hasMask":false,"ao":0,"ks":{"a":{"a":0,"k":[0,-117.30744604145977]},"s":{"a":1,"k":[{"o":{"x":0.167,"y":0.167},"i":{"x":0.833,"y":0.833},"s":[96.1842,74.8438],"t":7},{"s":[0,0],"t":49}]},"sk":{"a":0,"k":0},"p":{"a":0,"k":[250,229.0483]},"r":{"a":0,"k":-180},"sa":{"a":0,"k":0},"o":{"a":0,"k":100}},"shapes":[{"ty":"sr","bm":0,"hd":false,"nm":"Top Content","d":1,"pt":{"a":0,"k":3},"p":{"a":0,"k":[0,0]},"or":{"a":0,"k":117.20209868256958},"os":{"a":0,"k":0},"r":{"a":0,"k":0},"sy":2},{"ty":"fl","bm":0,"hd":false,"nm":"Fill","c":{"a":0,"k":[0,0.8667,0.702]},"r":2,"o":{"a":0,"k":100}}],"ind":2},{"ty":4,"nm":"Bottom Content","sr":1,"st":0,"op":150,"ip":0,"hd":false,"ddd":0,"bm":0,"hasMask":false,"ao":0,"ks":{"a":{"a":0,"k":[0,58.81121709429772]},"s":{"a":1,"k":[{"o":{"x":0.167,"y":0.167},"i":{"x":0.833,"y":0.833},"s":[0.4304,0.3349],"t":13},{"s":[96.1734,75.4858],"t":49}]},"sk":{"a":0,"k":0},"p":{"a":0,"k":[250,377.85]},"r":{"a":0,"k":0},"sa":{"a":0,"k":0},"o":{"a":0,"k":100}},"shapes":[{"ty":"sr","bm":0,"hd":false,"nm":"Bottom Content","d":1,"pt":{"a":0,"k":3},"p":{"a":0,"k":[0,0]},"or":{"a":0,"k":117.20209868256958},"os":{"a":0,"k":0},"r":{"a":0,"k":0},"sy":2},{"ty":"fl","bm":0,"hd":false,"nm":"Fill","c":{"a":0,"k":[0,0.8667,0.702]},"r":2,"o":{"a":0,"k":100}}],"ind":3},{"ty":4,"nm":"Top Container","sr":1,"st":0,"op":150,"ip":0,"hd":false,"ddd":0,"bm":0,"hasMask":false,"ao":0,"ks":{"a":{"a":0,"k":[5.684341886080802e-14,-29.123788878141]},"s":{"a":0,"k":[96.1842,74.8438]},"sk":{"a":0,"k":0},"p":{"a":0,"k":[249.99999999999997,163]},"r":{"a":0,"k":-180},"sa":{"a":0,"k":0},"o":{"a":0,"k":100}},"shapes":[{"ty":"sr","bm":0,"hd":false,"nm":"Top Container","d":1,"pt":{"a":0,"k":3},"p":{"a":0,"k":[0,0]},"or":{"a":0,"k":117.20209868256958},"os":{"a":0,"k":0},"r":{"a":0,"k":0},"sy":2},{"ty":"fl","bm":0,"hd":false,"nm":"Fill","c":{"a":0,"k":[1,1,1]},"r":2,"o":{"a":0,"k":100}}],"ind":4},{"ty":4,"nm":"Bottom Container","sr":1,"st":0,"op":150,"ip":0,"hd":false,"ddd":0,"bm":0,"hasMask":false,"ao":0,"ks":{"a":{"a":0,"k":[-5.684341886080802e-14,-29.372440069021252]},"s":{"a":0,"k":[96.1842,74.8438]},"sk":{"a":0,"k":0},"p":{"a":0,"k":[249.99999999999994,312]},"r":{"a":0,"k":0},"sa":{"a":0,"k":0},"o":{"a":0,"k":100}},"shapes":[{"ty":"sr","bm":0,"hd":false,"nm":"Bottom Container","d":1,"pt":{"a":0,"k":3},"p":{"a":0,"k":[0,0]},"or":{"a":0,"k":117.20209868256958},"os":{"a":0,"k":0},"r":{"a":0,"k":0},"sy":2},{"ty":"fl","bm":0,"hd":false,"nm":"Fill","c":{"a":0,"k":[1,1,1]},"r":2,"o":{"a":0,"k":100}}],"ind":5}]},{"nm":"Container","id":"precomp_newScene_f9eb9730-1bb1-4300-b8b8-9aaf5adc92d6_1b833bf1-f440-4354-8755-f90fca12b3a0","layers":[{"ty":4,"nm":"Top Bar","sr":1,"st":0,"op":150,"ip":0,"hd":false,"ddd":0,"bm":0,"hasMask":false,"ao":0,"ks":{"a":{"a":0,"k":[0,0]},"s":{"a":0,"k":[100,100]},"sk":{"a":0,"k":0},"p":{"a":0,"k":[250,72]},"r":{"a":0,"k":0},"sa":{"a":0,"k":0},"o":{"a":0,"k":100}},"shapes":[{"ty":"rc","bm":0,"hd":false,"nm":"Top Bar","d":1,"p":{"a":0,"k":[0,0]},"r":{"a":0,"k":8},"s":{"a":0,"k":[276,34]}},{"ty":"fl","bm":0,"hd":false,"nm":"Fill","c":{"a":0,"k":[0.2275,0.5255,1]},"r":2,"o":{"a":0,"k":100}}],"ind":1},{"ty":4,"nm":"Bottom Bar","sr":1,"st":0,"op":150,"ip":0,"hd":false,"ddd":0,"bm":0,"hasMask":false,"ao":0,"ks":{"a":{"a":0,"k":[0,-0.0011999999999829924]},"s":{"a":0,"k":[100,100]},"sk":{"a":0,"k":0},"p":{"a":0,"k":[250,406]},"r":{"a":0,"k":0},"sa":{"a":0,"k":0},"o":{"a":0,"k":100}},"shapes":[{"ty":"rc","bm":0,"hd":false,"nm":"Bottom Bar","d":1,"p":{"a":0,"k":[0,0]},"r":{"a":0,"k":8},"s":{"a":0,"k":[276,34]}},{"ty":"fl","bm":0,"hd":false,"nm":"Fill","c":{"a":0,"k":[0.2275,0.5255,1]},"r":2,"o":{"a":0,"k":100}}],"ind":2},{"ty":4,"nm":"Hourglass Top Cover","sr":1,"st":0,"op":150,"ip":0,"hd":false,"ddd":0,"bm":0,"hasMask":false,"ao":0,"ks":{"a":{"a":0,"k":[-5.684341886080802e-14,-29.74700314894099]},"s":{"a":0,"k":[118.4398,92.1616]},"sk":{"a":0,"k":0},"p":{"a":0,"k":[250.00000000000003,170]},"r":{"a":0,"k":-180},"sa":{"a":0,"k":0},"o":{"a":0,"k":100}},"shapes":[{"ty":"sr","bm":0,"hd":false,"nm":"Hourglass Top Cover","d":1,"pt":{"a":0,"k":3},"p":{"a":0,"k":[0,0]},"or":{"a":0,"k":117.20209868256958},"os":{"a":0,"k":0},"r":{"a":0,"k":0},"sy":2},{"ty":"fl","bm":0,"hd":false,"nm":"Fill","c":{"a":0,"k":[0.8392,0.9961,0.9451]},"r":2,"o":{"a":0,"k":100}}],"ind":3},{"ty":4,"nm":"Hourglass Bottom Cover","sr":1,"st":0,"op":150,"ip":0,"hd":false,"ddd":0,"bm":0,"hasMask":false,"ao":0,"ks":{"a":{"a":0,"k":[2.842170943040401e-14,-29.6603076054609]},"s":{"a":0,"k":[118.4398,92.1616]},"sk":{"a":0,"k":0},"p":{"a":0,"k":[250.00000000000003,308]},"r":{"a":0,"k":0},"sa":{"a":0,"k":0},"o":{"a":0,"k":100}},"shapes":[{"ty":"sr","bm":0,"hd":false,"nm":"Hourglass Bottom Cover","d":1,"pt":{"a":0,"k":3},"p":{"a":0,"k":[0,0]},"or":{"a":0,"k":117.20209868256958},"os":{"a":0,"k":0},"r":{"a":0,"k":0},"sy":2},{"ty":"fl","bm":0,"hd":false,"nm":"Fill","c":{"a":0,"k":[0.8392,0.9961,0.9451]},"r":2,"o":{"a":0,"k":100}}],"ind":4}]}]}