{"nm":"Main Scene","ddd":0,"h":480,"w":480,"meta":{"g":"@lottiefiles/creator 1.43.1"},"layers":[{"ty":4,"nm":"circle 4","sr":1,"st":-70,"op":60,"ip":0,"hd":false,"ddd":0,"bm":0,"hasMask":false,"ao":0,"ks":{"a":{"a":0,"k":[450,450,0],"ix":1},"s":{"a":1,"k":[{"o":{"x":0.333,"y":0},"i":{"x":0,"y":1},"s":[19.95,19.95,100],"t":0},{"o":{"x":0.333,"y":0},"i":{"x":0,"y":1},"s":[66.5,66.5,100],"t":30},{"s":[19.95,19.95,100],"t":59}],"ix":6},"sk":{"a":0,"k":0},"p":{"a":0,"k":[239.665,240.164,0],"ix":2},"r":{"a":0,"k":0,"ix":10},"sa":{"a":0,"k":0},"o":{"a":0,"k":100,"ix":11}},"shapes":[{"ty":"gr","bm":0,"hd":false,"mn":"ADBE Vector Group","nm":"Group 1","ix":1,"cix":2,"np":2,"it":[{"ty":"sh","bm":0,"hd":false,"mn":"ADBE Vector Shape - Group","nm":"Path 1","ix":1,"d":1,"ks":{"a":0,"k":{"c":true,"i":[[0,-165.686],[165.686,0],[0,165.686],[-165.686,0]],"o":[[0,165.686],[-165.686,0],[0,-165.686],[165.686,0]],"v":[[300,0],[0,300],[-300,0],[0,-300]]},"ix":2}},{"ty":"st","bm":0,"hd":false,"mn":"ADBE Vector Graphic - Stroke","nm":"Stroke 1","lc":1,"lj":1,"ml":10,"o":{"a":0,"k":100,"ix":4},"w":{"a":0,"k":68,"ix":5},"c":{"a":0,"k":[0.2235,0.851,0.8353],"ix":3}},{"ty":"tr","a":{"a":0,"k":[0,0],"ix":1},"s":{"a":0,"k":[90,90],"ix":3},"sk":{"a":0,"k":0,"ix":4},"p":{"a":0,"k":[450.375,449.625],"ix":2},"r":{"a":0,"k":0,"ix":6},"sa":{"a":0,"k":0,"ix":5},"o":{"a":0,"k":100,"ix":7}}]}],"ind":1},{"ty":4,"nm":"circle 3","sr":1,"st":-70,"op":60,"ip":0,"hd":false,"ddd":0,"bm":0,"hasMask":false,"ao":0,"ks":{"a":{"a":0,"k":[450,450,0],"ix":1},"s":{"a":1,"k":[{"o":{"x":0.333,"y":0},"i":{"x":0,"y":1},"s":[66.5,66.5,100],"t":0},{"o":{"x":0.333,"y":0},"i":{"x":0,"y":1},"s":[19.95,19.95,100],"t":30},{"s":[66.5,66.5,100],"t":59}],"ix":6},"sk":{"a":0,"k":0},"p":{"a":0,"k":[239.665,240.164,0],"ix":2},"r":{"a":0,"k":0,"ix":10},"sa":{"a":0,"k":0},"o":{"a":0,"k":100,"ix":11}},"shapes":[{"ty":"gr","bm":0,"hd":false,"mn":"ADBE Vector Group","nm":"Group 1","ix":1,"cix":2,"np":2,"it":[{"ty":"sh","bm":0,"hd":false,"mn":"ADBE Vector Shape - Group","nm":"Path 1","ix":1,"d":1,"ks":{"a":0,"k":{"c":true,"i":[[0,-165.686],[165.686,0],[0,165.686],[-165.686,0]],"o":[[0,165.686],[-165.686,0],[0,-165.686],[165.686,0]],"v":[[300,0],[0,300],[-300,0],[0,-300]]},"ix":2}},{"ty":"st","bm":0,"hd":false,"mn":"ADBE Vector Graphic - Stroke","nm":"Stroke 1","lc":1,"lj":1,"ml":10,"o":{"a":0,"k":100,"ix":4},"w":{"a":0,"k":68,"ix":5},"c":{"a":0,"k":[0.0824,0.2745,0.5961],"ix":3}},{"ty":"tr","a":{"a":0,"k":[0,0],"ix":1},"s":{"a":0,"k":[90,90],"ix":3},"sk":{"a":0,"k":0,"ix":4},"p":{"a":0,"k":[450.375,449.625],"ix":2},"r":{"a":0,"k":0,"ix":6},"sa":{"a":0,"k":0,"ix":5},"o":{"a":0,"k":100,"ix":7}}]}],"ind":2}],"v":"5.7.0","fr":30,"op":60,"ip":0,"assets":[]}