{"nm":"Main Scene","ddd":0,"h":48,"w":48,"meta":{"g":"@lottiefiles/creator 1.43.1"},"layers":[{"ty":4,"nm":"Head","sr":1,"st":0,"op":480,"ip":0,"hd":false,"ddd":0,"bm":0,"hasMask":false,"ao":0,"ks":{"a":{"a":0,"k":[0.609,-4.766,0],"ix":1},"s":{"a":0,"k":[100,100,100],"ix":6},"sk":{"a":0,"k":0},"p":{"a":1,"k":[{"o":{"x":0.15,"y":0},"i":{"x":0.2,"y":1},"s":[24.609,19.266,0],"t":0},{"o":{"x":0.3,"y":0},"i":{"x":0.2,"y":1},"s":[24.609,24.266,0],"t":20},{"o":{"x":0.16,"y":0},"i":{"x":0.2,"y":1},"s":[24.609,24.609,0],"t":30},{"o":{"x":0.3,"y":0},"i":{"x":0.84,"y":1},"s":[24.609,9.609,0],"t":44},{"o":{"x":0.81,"y":0},"i":{"x":0.84,"y":1},"s":[24.609,9,0],"t":52},{"o":{"x":0.3,"y":0},"i":{"x":0.667,"y":1},"s":[24.609,24.266,0],"t":72},{"o":{"x":0.333,"y":0},"i":{"x":0.667,"y":1},"s":[24.609,25,0],"t":80},{"o":{"x":0.333,"y":0},"i":{"x":0.667,"y":1},"s":[24.609,18.5,0],"t":88},{"s":[24.609,19.266,0],"t":96}],"ix":2},"r":{"a":0,"k":0,"ix":10},"sa":{"a":0,"k":0},"o":{"a":0,"k":100,"ix":11}},"shapes":[{"ty":"gr","bm":0,"hd":false,"mn":"ADBE Vector Group","nm":"Ellipse 1","ix":1,"cix":2,"np":3,"it":[{"ty":"sh","bm":0,"hd":false,"mn":"ADBE Vector Shape - Group","nm":"Path 1","ix":1,"d":1,"ks":{"a":1,"k":[{"o":{"x":0.15,"y":0},"i":{"x":0.2,"y":1},"s":[{"c":true,"i":[[-2.209,0],[0,-2.209],[2.209,0],[0,2.209]],"o":[[2.209,0],[0,2.209],[-2.209,0],[0,-2.209]],"v":[[0,-4],[4,0],[0,4],[-4,0]]}],"t":0},{"o":{"x":0.3,"y":0},"i":{"x":0.2,"y":1},"s":[{"c":true,"i":[[-2.209,0],[0,-2.209],[2.209,0],[0,2.209]],"o":[[2.209,0],[0,2.209],[-2.209,0],[0,-2.209]],"v":[[0,-2],[4,1.109],[0,4],[-4,1.109]]}],"t":20},{"o":{"x":0.16,"y":0},"i":{"x":0.833,"y":0.833},"s":[{"c":true,"i":[[-2.209,0],[0,-2.209],[2.209,0],[0,2.209]],"o":[[2.209,0],[0,2.209],[-2.209,0],[0,-2.209]],"v":[[0,-1.625],[4,1.328],[0,4],[-4,1.328]]}],"t":30},{"o":{"x":0.167,"y":0.167},"i":{"x":0.833,"y":0.833},"s":[{"c":true,"i":[[-2.209,0],[0,-2.209],[2.209,0],[0,2.209]],"o":[[2.209,0],[0,2.209],[-2.209,0],[0,-2.209]],"v":[[0,-4.468],[3.563,0.02],[0,4.875],[-4,0.02]]}],"t":34},{"o":{"x":0.167,"y":0.167},"i":{"x":0.2,"y":1},"s":[{"c":true,"i":[[-2.209,0],[0,-2.209],[2.209,0],[0,2.209]],"o":[[2.209,0],[0,2.209],[-2.209,0],[0,-2.209]],"v":[[0,-4.263],[3.754,-0.645],[0,4.867],[-4,-0.645]]}],"t":36},{"o":{"x":0.3,"y":0},"i":{"x":0.84,"y":1},"s":[{"c":true,"i":[[-2.209,0],[0,-2.209],[2.209,0],[0,2.209]],"o":[[2.209,0],[0,2.209],[-2.209,0],[0,-2.209]],"v":[[0,-4],[4,0],[0,4],[-4,0]]}],"t":44},{"o":{"x":0.81,"y":0},"i":{"x":0.833,"y":0.833},"s":[{"c":true,"i":[[-2.209,0],[0,-2.209],[2.209,0],[0,2.209]],"o":[[2.209,0],[0,2.209],[-2.209,0],[0,-2.209]],"v":[[0,-4],[4,0],[0,4],[-4,0]]}],"t":56},{"o":{"x":0.167,"y":0.167},"i":{"x":0.833,"y":0.833},"s":[{"c":true,"i":[[-2.209,0],[0,-2.209],[2.209,0],[0,2.209]],"o":[[2.209,0],[0,2.209],[-2.209,0],[0,-2.209]],"v":[[0,-5.344],[4,0],[0,3.375],[-4,0]]}],"t":62},{"o":{"x":0.167,"y":0.167},"i":{"x":0.84,"y":1},"s":[{"c":true,"i":[[-2.209,0],[0,-2.209],[2.209,0],[0,2.209]],"o":[[2.209,0],[0,2.209],[-2.209,0],[0,-2.209]],"v":[[0,-5.378],[4,0],[0,3.49],[-4,0]]}],"t":64},{"o":{"x":0.3,"y":0},"i":{"x":0.667,"y":1},"s":[{"c":true,"i":[[-2.209,0],[0,-2.209],[2.209,0],[0,2.209]],"o":[[2.209,0],[0,2.209],[-2.209,0],[0,-2.209]],"v":[[0,-4],[4,0],[0,4],[-4,0]]}],"t":72},{"o":{"x":0.333,"y":0},"i":{"x":0.667,"y":1},"s":[{"c":true,"i":[[-2.209,0],[0,-2.209],[2.209,0],[0,2.209]],"o":[[2.209,0],[0,2.209],[-2.209,0],[0,-2.209]],"v":[[0,-1.906],[4,1.109],[0,4],[-4,1.109]]}],"t":80},{"o":{"x":0.333,"y":0},"i":{"x":0.667,"y":1},"s":[{"c":true,"i":[[-2.209,0],[0,-2.209],[2.209,0],[0,2.209]],"o":[[2.209,0],[0,2.209],[-2.209,0],[0,-2.209]],"v":[[0,-4],[4,0],[0,4],[-4,0]]}],"t":88},{"s":[{"c":true,"i":[[-2.209,0],[0,-2.209],[2.209,0],[0,2.209]],"o":[[2.209,0],[0,2.209],[-2.209,0],[0,-2.209]],"v":[[0,-4],[4,0],[0,4],[-4,0]]}],"t":96}],"ix":2}},{"ty":"st","bm":0,"hd":false,"mn":"ADBE Vector Graphic - Stroke","nm":"Stroke 1","lc":1,"lj":1,"ml":4,"o":{"a":0,"k":100,"ix":4},"w":{"a":0,"k":2,"ix":5},"c":{"a":0,"k":[0,0.7882,0.7098],"ix":3}},{"ty":"tr","a":{"a":0,"k":[0,0],"ix":1},"s":{"a":0,"k":[100,100],"ix":3},"sk":{"a":0,"k":0,"ix":4},"p":{"a":0,"k":[0.609,-4.766],"ix":2},"r":{"a":0,"k":0,"ix":6},"sa":{"a":0,"k":0,"ix":5},"o":{"a":0,"k":100,"ix":7}}]}],"ind":1},{"ty":4,"nm":"body","sr":1,"st":0,"op":480,"ip":0,"hd":false,"ddd":0,"bm":0,"hasMask":false,"ao":0,"ks":{"a":{"a":0,"k":[10.5,6.681,0],"ix":1},"s":{"a":0,"k":[100,100,100],"ix":6},"sk":{"a":0,"k":0},"p":{"a":1,"k":[{"o":{"x":0.16,"y":0},"i":{"x":0.2,"y":1},"s":[24.5,28.319,0],"t":0},{"o":{"x":0.167,"y":0.167},"i":{"x":0.833,"y":0.833},"s":[24.5,32,0],"t":20},{"o":{"x":0.16,"y":0},"i":{"x":0.2,"y":1},"s":[24.5,32,0],"t":30},{"o":{"x":0.3,"y":0},"i":{"x":0.84,"y":1},"s":[24.5,22.319,0],"t":44},{"o":{"x":0.81,"y":0},"i":{"x":0.84,"y":1},"s":[24.5,21.8,0],"t":56},{"o":{"x":0.3,"y":0},"i":{"x":0.667,"y":1},"s":[24.5,32,0],"t":72},{"o":{"x":0.333,"y":0},"i":{"x":0.667,"y":1},"s":[24.5,32.5,0],"t":80},{"o":{"x":0.333,"y":0},"i":{"x":0.667,"y":1},"s":[24.5,28.000000000000004,0],"t":88},{"s":[24.5,28.319,0],"t":96}],"ix":2},"r":{"a":0,"k":0,"ix":10},"sa":{"a":0,"k":0},"o":{"a":0,"k":100,"ix":11}},"shapes":[{"ty":"gr","bm":0,"hd":false,"mn":"ADBE Vector Group","nm":"Group 1","ix":1,"cix":2,"np":2,"it":[{"ty":"sh","bm":0,"hd":false,"mn":"ADBE Vector Shape - Group","nm":"Path 1","ix":1,"d":1,"ks":{"a":1,"k":[{"o":{"x":0.16,"y":0},"i":{"x":0.2,"y":1},"s":[{"c":true,"i":[[-1.922,1.122],[-1.789,0],[-1.938,-1.146],[0,-1.853],[0,0],[0.553,0],[0,0],[0,0.553],[0,0]],"o":[[1.956,-1.17],[1.789,0],[1.938,1.145],[0,0],[0,0.553],[0,0],[-0.552,0],[0,0],[0,-1.853]],"v":[[-5.617,-2.926],[0,-4.681],[5.592,-2.962],[8.5,1.536],[8.5,3.681],[7.5,4.681],[-7.5,4.681],[-8.5,3.681],[-8.5,1.536]]}],"t":0},{"o":{"x":0.3,"y":0},"i":{"x":0.2,"y":1},"s":[{"c":true,"i":[[-1.922,1.122],[-1.789,0],[-1.938,-1.146],[0,-1.853],[0,0],[0.553,0],[0,0],[0,0.553],[0,0]],"o":[[1.956,-1.17],[1.789,0],[1.938,1.145],[0,0],[0,0.553],[0,0],[-0.552,0],[0,0],[0,-1.853]],"v":[[-6.648,-2.332],[0.063,-3.493],[6.78,-2.306],[10,1.672],[10,3.817],[9,4.817],[-9.063,4.817],[-10.063,3.817],[-10.063,1.672]]}],"t":20},{"o":{"x":0.16,"y":0},"i":{"x":0.833,"y":0.833},"s":[{"c":true,"i":[[-1.922,1.122],[-1.789,0],[-1.938,-1.146],[0,-1.853],[0,0],[0.553,0],[0,0],[0,0.553],[0,0]],"o":[[1.956,-1.17],[1.789,0],[1.938,1.145],[0,0],[0,0.553],[0,0],[-0.552,0],[0,0],[0,-1.853]],"v":[[-6.648,-1.832],[0.063,-2.993],[6.78,-1.806],[10.469,1.663],[10.469,3.808],[9.469,4.808],[-9.406,4.828],[-10.406,3.828],[-10.406,1.683]]}],"t":30},{"o":{"x":0.167,"y":0.167},"i":{"x":0.2,"y":1},"s":[{"c":true,"i":[[-1.922,1.122],[-1.789,0],[-1.938,-1.146],[0,-1.853],[0,0],[0.553,0],[0,0],[0,0.553],[0,0]],"o":[[1.956,-1.17],[1.789,0],[1.938,1.145],[0,0],[0,0.553],[0,0],[-0.552,0],[0,0],[0,-1.853]],"v":[[-5.346,-3.24],[0.016,-5.148],[5.389,-3.26],[8.453,2.605],[8.453,5.546],[7.453,6.546],[-7.487,6.551],[-8.487,5.551],[-8.487,2.61]]}],"t":36},{"o":{"x":0.3,"y":0},"i":{"x":0.84,"y":1},"s":[{"c":true,"i":[[-1.922,1.122],[-1.789,0],[-1.938,-1.146],[0,-1.853],[0,0],[0.553,0],[0,0],[0,0.553],[0,0]],"o":[[1.956,-1.17],[1.789,0],[1.938,1.145],[0,0],[0,0.553],[0,0],[-0.552,0],[0,0],[0,-1.853]],"v":[[-4.93,-4.127],[0,-5.868],[4.904,-4.163],[7.812,0.835],[7.812,4.042],[6.812,5.042],[-6.813,5.042],[-7.813,4.042],[-7.813,0.835]]}],"t":44},{"o":{"x":0.81,"y":0},"i":{"x":0.833,"y":0.833},"s":[{"c":true,"i":[[-1.922,1.122],[-1.789,0],[-1.938,-1.146],[0,-1.853],[0,0],[0.553,0],[0,0],[0,0.553],[0,0]],"o":[[1.956,-1.17],[1.789,0],[1.938,1.145],[0,0],[0,0.553],[0,0],[-0.552,0],[0,0],[0,-1.853]],"v":[[-5.609,-3.645],[0.008,-5.4],[5.6,-3.681],[8.5,1.536],[8.5,4.462],[7.5,5.462],[-7.5,5.462],[-8.5,4.462],[-8.5,1.536]]}],"t":56},{"o":{"x":0.167,"y":0.167},"i":{"x":0.84,"y":1},"s":[{"c":true,"i":[[-1.922,1.122],[-1.789,0],[-1.938,-1.146],[0,-1.853],[0,0],[0.553,0],[0,0],[0,0.553],[0,0]],"o":[[1.956,-1.17],[1.789,0],[1.938,1.145],[0,0],[0,0.553],[0,0],[-0.552,0],[0,0],[0,-1.853]],"v":[[-5.61,-3.643],[0.007,-5.523],[5.599,-3.679],[7.938,1.524],[7.937,4.099],[6.937,5.099],[-6.844,5.099],[-7.844,4.099],[-7.844,1.524]]}],"t":62},{"o":{"x":0.3,"y":0},"i":{"x":0.667,"y":1},"s":[{"c":true,"i":[[-1.922,1.122],[-1.789,0],[-1.938,-1.146],[0,-1.853],[0,0],[0.553,0],[0,0],[0,0.553],[0,0]],"o":[[1.956,-1.17],[1.789,0],[1.938,1.145],[0,0],[0,0.553],[0,0],[-0.552,0],[0,0],[0,-1.853]],"v":[[-5.617,-2.926],[0,-4.681],[5.592,-2.962],[8.5,1.536],[8.5,3.681],[7.5,4.681],[-7.5,4.681],[-8.5,3.681],[-8.5,1.536]]}],"t":72},{"o":{"x":0.333,"y":0},"i":{"x":0.667,"y":1},"s":[{"c":true,"i":[[-1.922,1.122],[-1.789,0],[-1.938,-1.146],[0,-1.853],[0,0],[0.553,0],[0,0],[0,0.553],[0,0]],"o":[[1.956,-1.17],[1.789,0],[1.938,1.145],[0,0],[0,0.553],[0,0],[-0.552,0],[0,0],[0,-1.853]],"v":[[-6.648,-2.332],[0.063,-3.493],[6.78,-2.306],[10,1.672],[10,3.817],[9,4.817],[-9.063,4.817],[-10.063,3.817],[-10.063,1.672]]}],"t":80},{"o":{"x":0.333,"y":0},"i":{"x":0.667,"y":1},"s":[{"c":true,"i":[[-1.922,1.122],[-1.789,0],[-1.938,-1.146],[0,-1.853],[0,0],[0.553,0],[0,0],[0,0.553],[0,0]],"o":[[1.956,-1.17],[1.789,0],[1.938,1.145],[0,0],[0,0.553],[0,0],[-0.552,0],[0,0],[0,-1.853]],"v":[[-5.609,-3.363],[0.008,-5.118],[5.6,-3.4],[8.5,1.536],[8.5,3.681],[7.5,4.681],[-7.5,4.681],[-8.5,3.681],[-8.5,1.536]]}],"t":88},{"s":[{"c":true,"i":[[-1.922,1.122],[-1.789,0],[-1.938,-1.146],[0,-1.853],[0,0],[0.553,0],[0,0],[0,0.553],[0,0]],"o":[[1.956,-1.17],[1.789,0],[1.938,1.145],[0,0],[0,0.553],[0,0],[-0.552,0],[0,0],[0,-1.853]],"v":[[-5.617,-2.926],[0,-4.681],[5.592,-2.962],[8.5,1.536],[8.5,3.681],[7.5,4.681],[-7.5,4.681],[-8.5,3.681],[-8.5,1.536]]}],"t":96}],"ix":2}},{"ty":"st","bm":0,"hd":false,"mn":"ADBE Vector Graphic - Stroke","nm":"Stroke 1","lc":1,"lj":1,"ml":4,"o":{"a":0,"k":100,"ix":4},"w":{"a":0,"k":2,"ix":5},"c":{"a":0,"k":[0,0.7882,0.7098],"ix":3}},{"ty":"tr","a":{"a":0,"k":[0,0],"ix":1},"s":{"a":0,"k":[100,100],"ix":3},"sk":{"a":0,"k":0,"ix":4},"p":{"a":0,"k":[10.5,6.681],"ix":2},"r":{"a":0,"k":0,"ix":6},"sa":{"a":0,"k":0,"ix":5},"o":{"a":0,"k":100,"ix":7}}]}],"ind":2},{"ty":4,"nm":"circle","sr":1,"st":0,"op":480,"ip":0,"hd":false,"ddd":0,"bm":0,"hasMask":false,"ao":0,"ks":{"a":{"a":0,"k":[25,25,0],"ix":1},"s":{"a":0,"k":[100,100,100],"ix":6},"sk":{"a":0,"k":0},"p":{"a":0,"k":[24,24,0],"ix":2},"r":{"a":0,"k":0,"ix":10},"sa":{"a":0,"k":0},"o":{"a":0,"k":100,"ix":11}},"shapes":[{"ty":"gr","bm":0,"hd":false,"mn":"ADBE Vector Group","nm":"Group 1","ix":1,"cix":2,"np":2,"it":[{"ty":"sh","bm":0,"hd":false,"mn":"ADBE Vector Shape - Group","nm":"Path 1","ix":1,"d":1,"ks":{"a":0,"k":{"c":true,"i":[[-12.703,0],[0,-12.703],[12.702,0],[0,12.702]],"o":[[12.702,0],[0,12.702],[-12.703,0],[0,-12.703]],"v":[[0,-23],[23,0],[0,23],[-23,0]]},"ix":2}},{"ty":"st","bm":0,"hd":false,"mn":"ADBE Vector Graphic - Stroke","nm":"Stroke 1","lc":1,"lj":1,"ml":4,"o":{"a":0,"k":100,"ix":4},"w":{"a":0,"k":2,"ix":5},"c":{"a":0,"k":[0,0.7882,0.7098],"ix":3}},{"ty":"tr","a":{"a":0,"k":[0,0],"ix":1},"s":{"a":0,"k":[100,100],"ix":3},"sk":{"a":0,"k":0,"ix":4},"p":{"a":0,"k":[25,25],"ix":2},"r":{"a":0,"k":0,"ix":6},"sa":{"a":0,"k":0,"ix":5},"o":{"a":0,"k":100,"ix":7}}]}],"ind":3}],"v":"5.7.0","fr":60,"op":120,"ip":0,"assets":[]}