{"nm":"Main Scene","ddd":0,"h":500,"w":500,"meta":{"g":"@lottiefiles/creator 1.43.1"},"layers":[{"ty":4,"nm":"Capa 1 Outlines","sr":1,"st":0,"op":96,"ip":0,"hd":false,"ddd":0,"bm":0,"hasMask":false,"ao":0,"ks":{"a":{"a":0,"k":[208.25,0.25,0],"ix":1},"s":{"a":0,"k":[61,61,100],"ix":6},"sk":{"a":0,"k":0},"p":{"a":0,"k":[256,98,0],"ix":2},"r":{"a":1,"k":[{"o":{"x":0.333,"y":0},"i":{"x":0.667,"y":1},"s":[0],"t":7},{"o":{"x":0.333,"y":0},"i":{"x":0.667,"y":1},"s":[15],"t":11},{"o":{"x":0.333,"y":0},"i":{"x":0.667,"y":1},"s":[-12],"t":15},{"o":{"x":0.333,"y":0},"i":{"x":0.667,"y":1},"s":[10],"t":18.2},{"o":{"x":0.333,"y":0},"i":{"x":0.667,"y":1},"s":[-8],"t":20.6},{"o":{"x":0.333,"y":0},"i":{"x":0.667,"y":1},"s":[5],"t":23},{"o":{"x":0.333,"y":0},"i":{"x":0.667,"y":1},"s":[-3],"t":24.6},{"o":{"x":0.333,"y":0},"i":{"x":0.667,"y":1},"s":[1],"t":26.2},{"s":[0],"t":27}],"ix":10},"sa":{"a":0,"k":0},"o":{"a":0,"k":100,"ix":11}},"shapes":[{"ty":"gr","bm":0,"hd":false,"mn":"ADBE Vector Group","nm":"Group 1","ix":1,"cix":2,"np":2,"it":[{"ty":"sh","bm":0,"hd":false,"mn":"ADBE Vector Shape - Group","nm":"Path 1","ix":1,"d":1,"ks":{"a":0,"k":{"c":true,"i":[[6,6.004],[0,0],[0,16.973],[0,0],[65.305,15.051],[0,1.27],[17.641,0],[4.427,-2.318],[0,-12.309],[0.14,-1.23],[0,-69.117],[0,0],[-12,-12.004],[0,0],[0,-8.488],[0,0],[0,0],[0,0]],"o":[[0,0],[-12,-12.004],[0,0],[0,-69.117],[0.141,-1.23],[0,-17.641],[-5.333,0],[10.218,5.35],[0,1.27],[65.304,15.051],[0,0],[0,16.973],[0,0],[6,6.004],[0,0],[0,0],[0,0],[0,-8.488]],"v":[[102.018,142.625],[66.135,106.746],[47.393,61.492],[47.393,-19.07],[-64.982,-164.293],[-64.607,-168],[-96.607,-200],[-111.394,-196.363],[-94.181,-168],[-94.556,-161.293],[17.819,-19.07],[17.819,61.492],[36.561,106.746],[72.444,142.625],[81.819,165.254],[81.819,200],[111.393,200],[111.393,165.254]]},"ix":2}},{"ty":"fl","bm":0,"hd":false,"mn":"ADBE Vector Graphic - Fill","nm":"Fill 1","c":{"a":0,"k":[0,0.898,0.898],"ix":4},"r":1,"o":{"a":0,"k":100,"ix":5}},{"ty":"tr","a":{"a":0,"k":[0,0],"ix":1},"s":{"a":0,"k":[100,100],"ix":3},"sk":{"a":0,"k":0,"ix":4},"p":{"a":0,"k":[304.857,200.25],"ix":2},"r":{"a":0,"k":0,"ix":6},"sa":{"a":0,"k":0,"ix":5},"o":{"a":0,"k":100,"ix":7}}]},{"ty":"gr","bm":0,"hd":false,"mn":"ADBE Vector Group","nm":"Group 2","ix":2,"cix":2,"np":2,"it":[{"ty":"sh","bm":0,"hd":false,"mn":"ADBE Vector Shape - Group","nm":"Path 1","ix":1,"d":1,"ks":{"a":0,"k":{"c":true,"i":[[6,6.004],[0,0],[0,16.973],[0,0],[65.305,15.051],[0,1.27],[17.641,0],[0,-17.641],[-0.14,-1.211],[0,-68.641],[0,0],[12,-12.004],[0,0],[0,-8.488],[0,0],[0,0],[0,0]],"o":[[0,0],[-12,-12.004],[0,0],[0,-69.117],[0.141,-1.23],[0,-17.641],[-17.641,0],[0,1.25],[-64.281,14.433],[0,0],[0,16.973],[0,0],[-6,6.004],[0,0],[0,0],[0,0],[0,-8.488]],"v":[[198.625,142.625],[162.742,106.746],[144,61.492],[144,-19.07],[31.625,-164.293],[32,-168],[0,-200],[-32,-168],[-31.633,-164.355],[-144,-24],[-144,61.492],[-162.742,106.746],[-198.625,142.625],[-208,165.254],[-208,200],[208,200],[208,165.254]]},"ix":2}},{"ty":"fl","bm":0,"hd":false,"mn":"ADBE Vector Graphic - Fill","nm":"Fill 1","c":{"a":0,"k":[0,1,1],"ix":4},"r":1,"o":{"a":0,"k":100,"ix":5}},{"ty":"tr","a":{"a":0,"k":[0,0],"ix":1},"s":{"a":0,"k":[100,100],"ix":3},"sk":{"a":0,"k":0,"ix":4},"p":{"a":0,"k":[208.25,200.25],"ix":2},"r":{"a":0,"k":0,"ix":6},"sa":{"a":0,"k":0,"ix":5},"o":{"a":0,"k":100,"ix":7}}]}],"ind":1},{"ty":4,"nm":"Layer 2 Outlines","sr":1,"st":0,"op":96,"ip":0,"hd":false,"ddd":0,"bm":0,"hasMask":false,"ao":0,"ks":{"a":{"a":0,"k":[64.25,0.25,0],"ix":1},"s":{"a":0,"k":[61,61,100],"ix":6},"sk":{"a":0,"k":0},"p":{"a":0,"k":[256,302.35,0],"ix":2},"r":{"a":0,"k":0,"ix":10},"sa":{"a":0,"k":0},"o":{"a":0,"k":100,"ix":11}},"shapes":[{"ty":"gr","bm":0,"hd":false,"mn":"ADBE Vector Group","nm":"Group 1","ix":1,"cix":2,"np":2,"it":[{"ty":"sh","bm":0,"hd":false,"mn":"ADBE Vector Shape - Group","nm":"Path 1","ix":1,"d":1,"ks":{"a":0,"k":{"c":true,"i":[[0,0],[-35.344,0],[0,35.344],[0,0],[0,0]],"o":[[0,35.344],[35.344,0],[0,0],[0,0],[0,0]],"v":[[-64,1],[0,65],[64,1],[64,-65],[-64,-65]]},"ix":2}},{"ty":"fl","bm":0,"hd":false,"mn":"ADBE Vector Graphic - Fill","nm":"Fill 1","c":{"a":0,"k":[0,0.898,0.898],"ix":4},"r":1,"o":{"a":0,"k":100,"ix":5}},{"ty":"tr","a":{"a":0,"k":[0,0],"ix":1},"s":{"a":0,"k":[100,100],"ix":3},"sk":{"a":0,"k":0,"ix":4},"p":{"a":0,"k":[64.25,65.25],"ix":2},"r":{"a":0,"k":0,"ix":6},"sa":{"a":0,"k":0,"ix":5},"o":{"a":0,"k":100,"ix":7}}]}],"ind":2}],"v":"5.7.0","fr":24,"op":39,"ip":0,"assets":[]}