{"nm":"Main Scene","ddd":0,"h":50,"w":50,"meta":{"g":"@lottiefiles/creator 1.43.1"},"layers":[{"ty":4,"nm":"Gear 2","sr":1,"st":0,"op":28,"ip":0,"hd":false,"ddd":0,"bm":0,"hasMask":false,"ao":0,"ks":{"a":{"a":0,"k":[25,25,0],"ix":1},"s":{"a":0,"k":[100,100,100],"ix":6},"sk":{"a":0,"k":0},"p":{"a":0,"k":[25,25,0],"ix":2},"r":{"a":0,"k":0,"ix":10},"sa":{"a":0,"k":0},"o":{"a":0,"k":100,"ix":11}},"shapes":[{"ty":"gr","bm":0,"hd":false,"mn":"ADBE Vector Group","nm":"Group 1","ix":1,"cix":2,"np":2,"it":[{"ty":"sh","bm":0,"hd":false,"mn":"ADBE Vector Shape - Group","nm":"Path 1","ix":1,"d":1,"ks":{"a":0,"k":{"c":true,"i":[[2.209,0],[0,-2.209],[-2.209,0],[0,2.209]],"o":[[-2.209,0],[0,2.209],[2.209,0],[0,-2.209]],"v":[[0,-4],[-4,0],[0,4],[4,0]]},"ix":2}},{"ty":"st","bm":0,"hd":false,"mn":"ADBE Vector Graphic - Stroke","nm":"Stroke 1","lc":2,"lj":1,"ml":10,"o":{"a":0,"k":100,"ix":4},"w":{"a":0,"k":2,"ix":5},"c":{"a":0,"k":[0.0196,0.7451,0.7843],"ix":3}},{"ty":"tr","a":{"a":0,"k":[0,0],"ix":1},"s":{"a":0,"k":[100,100],"ix":3},"sk":{"a":0,"k":0,"ix":4},"p":{"a":0,"k":[35,15],"ix":2},"r":{"a":0,"k":0,"ix":6},"sa":{"a":0,"k":0,"ix":5},"o":{"a":0,"k":100,"ix":7}}]},{"ty":"gr","bm":0,"hd":false,"mn":"ADBE Vector Group","nm":"Group 2","ix":2,"cix":2,"np":2,"it":[{"ty":"sh","bm":0,"hd":false,"mn":"ADBE Vector Shape - Group","nm":"Path 1","ix":1,"d":1,"ks":{"a":0,"k":{"c":true,"i":[[0,0],[0,0],[0,0],[0.1,0.9],[0,0],[0,0],[0,0],[0.7,0.5],[0,0],[0,0],[0,0],[0.9,-0.2],[0,0],[0,0],[0,0],[0.6,-0.7],[0,0],[0,0],[0,0],[-0.1,-0.9],[0,0],[0,0],[0,0],[-0.7,-0.5],[0,0],[0,0],[0,0],[-0.9,0.1],[0,0],[0,0],[0,0],[-0.5,0.7]],"o":[[0,0],[0,0],[0.1,-0.9],[0,0],[0,0],[0,0],[-0.5,-0.7],[0,0],[0,0],[0,0],[-0.9,-0.1],[0,0],[0,0],[0,0],[-0.5,0.5],[0,0],[0,0],[0,0],[-0.1,0.9],[0,0],[0,0],[0,0],[0.5,0.7],[0,0],[0,0],[0,0],[0.9,0.1],[0,0],[0,0],[0,0],[0.7,-0.5],[0,0]],"v":[[10.55,6],[11.75,3.2],[8.65,1.3],[8.65,-1.3],[11.75,-3.2],[10.65,-6],[7.05,-5.2],[5.25,-7],[6.05,-10.5],[3.25,-11.7],[1.35,-8.7],[-1.25,-8.7],[-3.15,-11.8],[-5.95,-10.7],[-5.25,-7.2],[-6.95,-5.4],[-10.45,-6.2],[-11.65,-3.4],[-8.65,-1.4],[-8.65,1.2],[-11.75,3.1],[-10.65,5.9],[-7.15,5.2],[-5.35,7],[-6.15,10.5],[-3.35,11.7],[-1.35,8.7],[1.25,8.7],[3.15,11.8],[5.95,10.7],[5.15,6.9],[6.95,5.1]]},"ix":2}},{"ty":"st","bm":0,"hd":false,"mn":"ADBE Vector Graphic - Stroke","nm":"Stroke 1","lc":2,"lj":1,"ml":10,"o":{"a":0,"k":100,"ix":4},"w":{"a":0,"k":2,"ix":5},"c":{"a":0,"k":[0.0196,0.7451,0.7843],"ix":3}},{"ty":"tr","a":{"a":0,"k":[0,0],"ix":1},"s":{"a":0,"k":[100,100],"ix":3},"sk":{"a":0,"k":0,"ix":4},"p":{"a":0,"k":[34.95,15.1],"ix":2},"r":{"a":1,"k":[{"o":{"x":0.167,"y":0.167},"i":{"x":0.833,"y":0.833},"s":[0],"t":0},{"s":[180],"t":28}],"ix":6},"sa":{"a":0,"k":0,"ix":5},"o":{"a":0,"k":100,"ix":7}}]}],"ind":1},{"ty":4,"nm":"Gear 1","sr":1,"st":0,"op":28,"ip":0,"hd":false,"ddd":0,"bm":0,"hasMask":false,"ao":0,"ks":{"a":{"a":0,"k":[25,25,0],"ix":1},"s":{"a":0,"k":[100,100,100],"ix":6},"sk":{"a":0,"k":0},"p":{"a":0,"k":[25,25,0],"ix":2},"r":{"a":0,"k":0,"ix":10},"sa":{"a":0,"k":0},"o":{"a":0,"k":100,"ix":11}},"shapes":[{"ty":"gr","bm":0,"hd":false,"mn":"ADBE Vector Group","nm":"Group 3","ix":1,"cix":2,"np":2,"it":[{"ty":"sh","bm":0,"hd":false,"mn":"ADBE Vector Shape - Group","nm":"Path 1","ix":1,"d":1,"ks":{"a":0,"k":{"c":true,"i":[[2.2,0],[0,2.2],[-2.2,0],[0,-2.2]],"o":[[-2.2,0],[0,-2.2],[2.2,0],[0,2.2]],"v":[[0,4],[-4,0],[0,-4],[4,0]]},"ix":2}},{"ty":"st","bm":0,"hd":false,"mn":"ADBE Vector Graphic - Stroke","nm":"Stroke 1","lc":2,"lj":1,"ml":10,"o":{"a":0,"k":100,"ix":4},"w":{"a":0,"k":2,"ix":5},"c":{"a":0,"k":[0.0196,0.7451,0.7843],"ix":3}},{"ty":"tr","a":{"a":0,"k":[0,0],"ix":1},"s":{"a":0,"k":[100,100],"ix":3},"sk":{"a":0,"k":0,"ix":4},"p":{"a":0,"k":[16,34],"ix":2},"r":{"a":0,"k":0,"ix":6},"sa":{"a":0,"k":0,"ix":5},"o":{"a":0,"k":100,"ix":7}}]},{"ty":"gr","bm":0,"hd":false,"mn":"ADBE Vector Group","nm":"Group 4","ix":2,"cix":2,"np":2,"it":[{"ty":"sh","bm":0,"hd":false,"mn":"ADBE Vector Shape - Group","nm":"Path 1","ix":1,"d":1,"ks":{"a":0,"k":{"c":true,"i":[[0,0],[0,0],[0,0],[0.5,0.799],[0,0],[0,0],[0,0],[0.9,0.3],[0,0],[0,0],[0,0],[0.8,-0.5],[0,0],[0,0],[0,0],[0.3,-0.901],[0,0],[0,0],[0,0],[-0.5,-0.801],[0,0],[0,0],[0,0],[-0.9,-0.3],[0,0],[0,0],[0,0],[-0.8,0.5],[0,0],[0,0],[0,0],[-0.3,0.901]],"o":[[0,0],[0,0],[-0.2,-0.899],[0,0],[0,0],[0,0],[-0.8,-0.5],[0,0],[0,0],[0,0],[-0.9,0.2],[0,0],[0,0],[0,0],[-0.5,0.801],[0,0],[0,0],[0,0],[0.2,0.901],[0,0],[0,0],[0,0],[0.8,0.5],[0,0],[0,0],[0,0],[0.9,-0.201],[0,0],[0,0],[0,0],[0.5,-0.801],[0,0]],"v":[[13,1.6],[13,-1.599],[9.1,-2.2],[8,-4.799],[10.3,-8],[8,-10.4],[4.8,-8.099],[2.2,-9.2],[1.6,-13],[-1.6,-13],[-2.2,-9.2],[-4.8,-8.099],[-8,-10.4],[-10.3,-8.099],[-8.1,-4.9],[-9.2,-2.299],[-13,-1.599],[-13,1.6],[-9.2,2.3],[-8.1,4.901],[-10.4,8],[-8.1,10.3],[-4.9,8.1],[-2.3,9.201],[-1.7,13],[1.5,13],[2.2,9.201],[4.8,8.1],[8,10.401],[10.3,8.1],[8,4.901],[9.1,2.3]]},"ix":2}},{"ty":"st","bm":0,"hd":false,"mn":"ADBE Vector Graphic - Stroke","nm":"Stroke 1","lc":2,"lj":1,"ml":10,"o":{"a":0,"k":100,"ix":4},"w":{"a":0,"k":2,"ix":5},"c":{"a":0,"k":[0.0196,0.7451,0.7843],"ix":3}},{"ty":"tr","a":{"a":0,"k":[0,0],"ix":1},"s":{"a":0,"k":[100,100],"ix":3},"sk":{"a":0,"k":0,"ix":4},"p":{"a":0,"k":[16,34],"ix":2},"r":{"a":1,"k":[{"o":{"x":0.167,"y":0.167},"i":{"x":0.833,"y":0.833},"s":[0],"t":0},{"s":[-180],"t":28}],"ix":6},"sa":{"a":0,"k":0,"ix":5},"o":{"a":0,"k":100,"ix":7}}]}],"ind":2}],"v":"5.7.0","fr":24,"op":28,"ip":0,"assets":[]}